Size,CUBLAS_GFLOPS,MySGEMM_FLOPS,Matched,Ratio
128,487.619,187.89,1,0.385321
256,3485.96,853.333,1,0.244792
512,10485.8,3630.8,1,0.34626
1024,18331.7,14388.7,1,0.784906
2048,22286.4,16565.2,1,0.743286
4096,24356.3,19107.4,1,0.784494
8192,25275.1,19766.2,1,0.782041
